{"IcoMoonType":"selection","icons":[{"icon":{"paths":["M769.296 317.425c19.094 18.39 19.667 48.774 1.28 67.871l-311.91 323.904-173.241-179.904c-18.388-19.098-17.815-49.482 1.281-67.872 19.095-18.387 49.484-17.814 67.871 1.28l104.090 108.096 242.758-252.095c18.39-19.095 48.774-19.669 67.872-1.281z"],"attrs":[{}],"isMulticolor":false,"isMulticolor2":false,"grid":0,"tags":["check"]},"attrs":[{}],"properties":{"order":2,"id":3,"name":"check","prevSize":32,"code":59648},"setIdx":0,"setId":2,"iconIdx":0},{"icon":{"paths":["M726.96 364.922c18.746-18.746 18.746-49.137 0-67.882s-49.136-18.745-67.882 0l-147.078 147.079-147.078-147.079c-18.746-18.745-49.137-18.745-67.882 0s-18.745 49.136 0 67.882l147.079 147.078-147.079 147.078c-18.745 18.746-18.745 49.136 0 67.882s49.136 18.746 67.882 0l147.078-147.078 147.078 147.078c18.746 18.746 49.136 18.746 67.882 0s18.746-49.136 0-67.882l-147.078-147.078 147.078-147.078z"],"attrs":[{}],"isMulticolor":false,"isMulticolor2":false,"grid":0,"tags":["delete"]},"attrs":[{}],"properties":{"order":3,"id":2,"name":"delete","prevSize":32,"code":59649},"setIdx":0,"setId":2,"iconIdx":1},{"icon":{"paths":["M576 247.426l138.563 80.002 16-27.714c8.838-15.306 3.594-34.876-11.712-43.713l-83.139-48c-15.306-8.836-34.877-3.593-43.712 11.713l-16 27.713zM560 275.139l138.563 80.001-192 332.554-138.563-80 192-332.554zM356.387 760.672c0.413 11.818 13.059 19.117 23.501 13.568l110.675-58.835-138.563-80 4.387 125.267z"],"attrs":[{}],"isMulticolor":false,"isMulticolor2":false,"grid":0,"tags":["pencil"]},"attrs":[{}],"properties":{"order":4,"id":1,"name":"pencil","prevSize":32,"code":59650},"setIdx":0,"setId":2,"iconIdx":2},{"icon":{"paths":["M560 256c0-26.51-21.491-48-48-48s-48 21.49-48 48v208h-208c-26.51 0-48 21.491-48 48s21.49 48 48 48h208v208c0 26.509 21.491 48 48 48s48-21.491 48-48v-208h208c26.509 0 48-21.491 48-48s-21.491-48-48-48h-208v-208z"],"attrs":[{}],"isMulticolor":false,"isMulticolor2":false,"grid":0,"tags":["plus"]},"attrs":[{}],"properties":{"order":5,"id":0,"name":"plus","prevSize":32,"code":59651},"setIdx":0,"setId":2,"iconIdx":3}],"height":1024,"metadata":{"name":"icomoon"},"preferences":{"showGlyphs":true,"showQuickUse":true,"showQuickUse2":true,"showSVGs":true,"fontPref":{"prefix":"icon-","metadata":{"fontFamily":"icomoon"},"metrics":{"emSize":1024,"baseline":6.25,"whitespace":50},"embed":false},"imagePref":{"prefix":"icon-","png":true,"useClassSelector":true,"color":0,"bgColor":16777215,"classSelector":".icon"},"historySize":50,"showCodes":true,"gridSize":16}}